education,income,policy,employment_score
10.993428306022466,23.386212048630934,1,8.069841966252433
9.723471397657631,20.371576478228032,1,5.075869206894705
11.295377076201385,22.650384522322945,1,7.28805886564823
13.046059712816051,25.44518264792653,1,8.824137195599768
9.531693250553328,19.761609814720245,1,6.949681141599168
9.531726086101639,19.456937557625025,1,9.458896707031316
13.158425631014783,27.212044482057298,1,8.929012840075298
11.534869458305817,23.704910718293604,0,4.763380132310899
9.061051228130095,19.171655171579527,0,4.435061366975974
11.08512008717193,21.63500496278329,1,5.766313710119513
9.073164614375075,19.463723294384476,0,4.455982557890777
9.068540492859487,18.334680590411374,0,3.7012141894289847
10.48392454313207,23.043109958889403,0,6.157352547126196
6.173439510684404,11.65769120327924,0,2.5371794807466674
6.5501643349739345,14.836292473113119,0,3.1583162516917205
8.875424941518055,17.948760666498757,0,3.8021546293546242
7.974337759331153,15.297257515047857,0,5.726020231518907
10.628494665190548,20.773103496326772,1,6.993004566477362
8.183951848957578,16.047556389720835,0,5.924532967957991
7.175392597329417,14.77495114106075,0,4.401848060782974
12.931297537843108,26.385430563721716,0,6.94771549625694
9.548447399026928,18.523194794115277,1,7.142956846830984
10.135056409375848,20.24575822649071,1,7.461325502904176
7.150503627573086,16.443277613758035,1,3.6475792344409337
8.911234550949635,19.550012271999982,0,4.17673388132406
10.221845179419732,20.880014028513497,1,7.956080560894188
7.698012845155395,15.43402916847899,0,3.800109239103592
10.751396036691343,21.62282340010095,0,3.9705081715420967
8.79872262016239,18.210963213055198,1,6.346956859503726
9.416612500413446,17.81043243562849,0,6.412411766462214
8.796586775541206,17.335797013659068,0,5.645185103305322
13.704556369017876,25.740528664158163,1,8.790274175142907
9.973005550524132,20.34523422365354,1,7.937952052320153
7.8845781420882,16.41635222387914,1,5.5757820506760485
11.645089824206378,22.80699318611338,1,6.11867332527647
7.5583127000579555,16.690612163405945,0,2.8546903618994235
10.417727190009511,19.60968871701668,1,8.771752363512954
6.080659752240448,10.696944624271076,0,2.76633679429092
7.3436279022031385,14.911707622966249,0,3.428429971726551
10.393722471738247,21.83454324608865,0,4.897023039594243
11.476933159990821,24.63779401143951,1,9.642603169568417
10.34273656237994,20.226588861890942,0,6.797327196552033
9.76870343522352,20.616087703878335,0,7.103131951059893
9.397792608821423,18.757076748142136,1,6.53985109401066
7.042956019265145,13.913284738589471,0,3.8171024983796675
8.560311583210582,18.004283103907838,0,2.7635132421845
9.078722458080424,18.809767794574267,0,6.016295655158487
12.11424445243783,22.652096747891413,0,4.8893426749509805
10.687236579136922,22.85101350799974,1,7.56039385333109
6.473919689274532,14.327930732696515,0,2.139657317004422
10.648167938789591,20.670773176069652,1,6.735217142656099
9.229835439167367,18.855474411772143,0,3.777655288533983
8.646155999388082,17.786342185058903,1,5.715202739018223
11.223352577681736,22.707378921187377,1,7.072553585691889
12.061999044991902,23.573692936138382,0,5.482730727570874
11.862560238232398,23.053497108526745,1,8.764614030896507
8.321564953554724,16.617575836118,0,3.0559196837148415
9.38157524829757,19.935879515854506,1,6.911329051162652
10.662526862807129,21.86865388020869,1,8.549222583709122
11.951090254244718,23.53156617640333,1,7.462348762608963
9.04165152430942,18.855001759267186,1,5.802906871407108
9.628682046672365,16.408821472714656,0,4.583816398155932
7.787330051987944,16.72342580434799,1,7.073390234354682
7.607586751838658,13.475459724899217,0,3.997901006872687
11.625051644788396,22.88766234817366,1,7.2813115277866
12.712480057141645,24.305290219657145,0,6.840116679758863
9.855979756839332,18.417278037957757,0,3.8256977285832425
12.007065795784047,25.174958378946613,1,8.68489240833497
10.723272050095268,20.978842898878646,1,7.770243332749401
8.709760490789751,17.766024863310218,0,4.047071774255992
10.722791211016828,21.39866184315447,0,4.522809807061183
13.076073132931938,26.629187093086998,1,7.6513556441825115
9.928347921780096,19.933517734620448,1,7.498991297235959
13.129287311628012,24.975582399067456,0,7.793624158303068
4.760509791820511,10.517286403088162,0,1.7429471488814605
11.643805008750448,22.79385343433958,0,6.2802892079267085
10.174094136476343,18.791606374292936,0,3.000020049636103
9.401985299068265,18.375855437170618,1,6.116374918876933
10.183521553071005,21.867802896776322,1,7.0607018436646
6.024862170798214,12.899946083709922,0,2.1027476684172735
9.560656224324976,18.772660314242092,0,3.8438217373728922
10.714225143023492,21.079192581728556,1,6.689333015042861
12.955788089483033,25.589941127748684,1,8.77008677306789
8.963459563452705,20.003667110466253,1,6.294400763319978
8.383012794213625,17.147961040658803,0,1.9532751637818406
8.996485912830927,18.423013472852922,0,2.3775428037803974
11.830804235404148,24.69189192484014,0,5.308536939844899
10.657502219319369,21.55379359766525,0,5.786437695713237
8.940479592465923,17.621917039111143,1,3.722734953507727
11.026534866226712,21.856719883368445,0,5.013537256961725
10.194155098696081,20.3167089379781,0,4.570829692830619
11.937289981065778,23.837357725621715,0,7.356982768741337
8.595893812245295,17.91941716812757,0,3.912925094409784
9.344675706804464,18.741297299416228,0,5.055326838143161
9.215783693735684,19.164207464686946,1,6.749148986955305
7.072970103735763,14.065223627362943,0,1.4059185720606808
10.592240554129152,21.263116298574396,1,8.064327493696313
10.522110544359778,19.04602040418745,0,5.476451777636177
10.010226913284923,20.93678150127233,0,5.513382096317051
9.530825733249705,19.4081399423974,0,8.691650573061178
7.1692585158991715,15.336527141657996,0,1.5005163184509973
9.158709354469282,15.421163330744875,0,6.30405132699575
9.31457096694646,20.717516638673647,1,6.369837964072874
8.395445461556761,16.651301294958348,0,4.48505163518139
9.677428576667982,20.46303997007348,1,6.793202043032749
10.808101713629076,20.576297500132622,1,6.979814523416494
13.77237180242106,28.157517509904693,1,8.316352972971773
10.349155625663679,19.644895688153703,0,5.504086548404849
10.515100781445527,20.40643260219525,0,3.7403766940510845
9.851108168467666,21.61624769080212,0,5.676133251755599
6.1624575694019175,12.134232738040488,0,2.6650343798157046
9.946972249101567,20.111377371382858,1,5.843416785510426
10.120460419882052,21.110988570452857,1,6.610217351945212
14.926484224970572,30.34865033791375,1,10.720391329347859
9.615278070437755,19.38097504601909,0,4.272303948202654
10.603094684667225,21.571150371800673,0,5.660000960543233
9.930576460589513,22.2645685064173,0,4.234331954579283
7.6626439247609355,15.267669052488285,0,4.589243812304087
12.285645629030041,24.77239030477505,1,8.828330553305225
11.503866065373549,24.05838652675471,1,9.600541865983185
11.582063894086094,24.269653721130172,0,5.615468001543832
8.181225090410521,17.549480486381423,0,4.759267349963167
12.805588621872198,26.249907465773582,1,8.500861850475044
7.196297874415438,13.249590836100392,0,4.894020719070733
11.17371418760054,23.980859907502175,0,4.868024706191539
14.380911251619956,27.615477110221224,1,9.935460938687259
8.018927349738624,16.34049016471628,1,5.81476637875263
8.867404540794457,16.980533231569556,0,4.369514093288731
10.199302730175283,20.334467113757572,1,7.191403849536014
8.993048691767601,18.314859793838682,0,4.748764742310478
6.898673137867735,14.118703491185743,0,3.333107525811909
10.137125949612054,20.696172653459392,1,7.283276157976553
7.87539257254779,17.364496414154228,0,5.515814343836079
10.947184861270363,22.347904024054706,0,6.4590421162504
8.161151531532393,16.07814642777414,0,4.949730358263094
13.09986881003508,27.163824788358518,1,8.094394878993668
8.433493415327526,18.056457319579692,0,3.327505879435438
9.35587696758865,17.484146120040307,0,5.633239042032078
11.62703443473934,23.851468939328537,1,8.689564009899463
7.53827136713209,15.777715476575079,0,5.241806359317027
10.45491986920826,20.612276235056527,1,6.6234793086349
12.614285508564857,26.604277830441333,1,8.07759409892208
6.785033530877545,13.420011474722562,0,1.7530326029133383
10.36926771706461,20.86411188760076,0,4.792162752471432
10.519765588496847,20.866459352709825,1,8.25645330482787
11.56364574355462,23.142870534690708,1,7.315327492549112
7.526098578243836,13.95592206959247,1,6.4035290843227415
7.359086773831447,13.2781226650686,0,3.489040280917912
11.043883131233795,23.68227132569256,0,5.845998593838458
10.593969346466372,20.340977344614416,1,6.149293283417519
10.500985700691754,20.0105790519272,1,7.335702299979777
10.692896418993952,19.232402724384187,1,4.355312238596253
8.639950556843019,16.640939365996534,0,4.1330791202595245
10.464507394322007,19.605924995236517,1,5.601780453445864
10.586144946597363,22.814305053331097,1,8.499066989845497
8.571297163947264,18.15241141723716,0,5.063055934738143
13.731549022289514,26.774947699401302,1,9.332445493110837
10.947665841823575,24.14776748899146,0,6.994839148071168
7.617393005594703,16.216551498181,0,2.8597799819725145
11.31310721726766,22.301383051026697,1,9.403916806549388
8.050636659545358,13.601867604217142,0,4.9575098940330635
11.574169207484903,25.439280987560547,1,7.550529316523505
12.317191158014808,23.24480984926602,0,7.294215726190348
8.358635363296578,15.071871979636265,0,3.073024169236655
11.926752258488644,24.87607494898693,1,7.1388619677166485
10.825561853872996,24.090876114085265,1,6.8041912036967975
11.64412031998898,24.672513458488478,1,7.293082451930475
13.793585965307894,28.151081050668147,1,7.840235339893694
9.509223767994259,19.613201877653804,1,7.977694951092454
8.492527671285021,17.83847090135035,1,5.987409435272679
8.220971140748954,17.200870871284675,1,6.462990538731357
8.368379430069123,17.01795028410762,0,3.613838348620881
9.845796581171792,19.79579426629546,1,5.102294990037379
10.682303949633287,21.302014771367052,0,5.611209333208065
10.553381598660039,20.3527986084534,0,3.3644358239102425
11.654366498072047,23.02805791927732,1,7.758549202950555
10.026003783755813,18.35905075331624,0,3.644686853045096
12.907068154314633,25.715796681834515,1,10.440810076388125
9.470686333524087,17.952781559897257,0,5.646705888936765
15.440338333179238,29.777087349142704,1,9.8259229578611
11.251334695530012,22.682563542213504,1,8.889374025419675
8.285684887167434,17.96337206067947,0,3.2965264661179816
7.858215003877776,16.634746613757866,1,6.472586880608981
10.96494483048637,20.359389057349564,1,7.682282848961899
9.553074429348298,18.116520722126257,0,5.040557296007819
11.428000988184184,23.796773164356583,0,6.9863539941988595
10.94647524914709,20.91046310475587,0,6.205729727353347
9.854342174686254,19.484051199375482,1,7.21589475016815
8.30641256386319,17.162877226750933,1,4.498318845703299
6.970305550628271,12.972266646392907,0,2.5251064800346716
9.106970095865957,18.319315697877876,1,6.430776114337254
11.712797588646945,22.091569682375685,1,7.949771168600123
10.428187488260408,20.2550073325696,1,6.08389001945628
7.508522442576024,15.336826819294584,0,6.165937896866433
10.346361851702364,19.099729969873056,0,6.689574981104755
10.770634759457673,21.981744256875746,1,7.9874357001213205
8.232285127597734,16.444932456268788,0,4.188179425082612
10.307450211891055,21.167390378199258,0,4.941516136044376
10.116417436892,20.45674900784866,0,4.106290258423765
7.714059404338753,16.79225923865135,0,3.934510220688239
10.715574720696566,21.556373944041038,0,5.615539900491034
11.121569052736469,21.813732564347685,0,4.31902395088661
12.166102486350553,24.45450247573339,1,8.417227660420174
12.107604104069805,24.758506237176,1,7.898543003210155
7.244661264085818,14.53818259849734,0,1.714523074165518
8.124349920169754,16.28929153154339,0,3.2017899493053754
11.03007053441732,21.358149381027882,0,5.101429733787016
11.027571901824418,21.392242886097886,1,9.401473608252399
11.030095372612095,20.657585473424497,1,8.071600810839806
17.70546298130944,37.160502705805825,1,9.51724992155483
11.141781021386334,21.039698807381384,0,6.056926800110804
12.271131280361198,23.84935736292649,1,6.588261651242233
11.908003526986406,23.097599788403613,1,9.036692817380276
11.302782502611596,23.500489382167633,1,7.180266599487919
9.369461510719308,18.443973343146588,1,6.591094566620483
11.517938440986534,24.2836189546468,1,9.084765868035458
8.454349570924856,16.235208517605844,0,2.9400112168781782
9.526362786519982,19.331719735263768,1,5.366063208147
9.029272904341793,17.22319875542383,0,3.9310371258248917
10.163748278772646,22.472645685318682,1,8.120252990405639
14.629317133347017,28.071035847664522,1,7.795312491196665
6.265469614816503,12.840759939860034,0,0.3005792092976818
11.372520380749027,23.378817642430153,1,7.235101331965515
6.774568257620697,13.962935612692892,0,3.9390249287212686
9.056136268421133,17.926984877964557,1,7.728329883949396
12.177901193934733,24.22598168813604,1,7.625789234881967
10.128560038190926,20.30093154836096,0,4.652853411979461
7.844510444141388,15.542018886654288,0,5.076155956326442
8.569392581480063,18.102664279755036,0,2.414954591044611
11.35919549786935,24.928913997330053,1,7.291076973751666
8.539266736565727,16.52104168812362,0,4.460057258207922
10.43291717916395,19.49603137874882,0,5.665677310867009
10.091143679807628,20.094005311264002,0,4.535765146712931
8.696799304788366,19.97330794723105,1,6.382840664100025
14.28788817865065,27.772101789331572,0,4.655616735912336
11.267838044636022,24.174792894716113,0,4.975670609984163
5.949714826684786,13.577130467446011,1,5.4283661258968605
10.372908629538856,20.192229017369716,1,6.204160280514748
8.676427070463223,17.921837220111723,1,6.397197756821209
11.704866669592448,25.038129962313434,1,8.299305835598922
8.4149585231346,16.45078930528171,1,5.8649300607095345
9.770527117066202,19.337473874030042,1,7.055727329529672
11.009974557960915,21.438268201973184,0,4.542254713695845
11.731510388340244,22.44826404598762,0,5.659143914474075
7.599407185888447,14.549536826710888,0,4.4099197625334465
9.330997528318104,17.438054789873952,0,4.822471725127486
9.050109377678087,18.1343022236154,0,3.938523419275108
8.693341534852577,16.61670983864651,0,4.570887171717081
13.530908480562193,27.295602872915133,1,9.480064030917715
10.80996342192191,20.064031197640194,1,5.355040432383477
7.478232091329909,15.287344414874276,1,6.8981901106208525
11.835723894109552,24.504976749828028,1,7.581607208373704
14.244312394025266,26.49488914547908,0,7.547646130252864
12.064930521102294,24.50391761205216,0,7.229712184196375
6.961260068091973,15.150189128657239,1,4.108956336815521
9.031531854267497,16.85342268984379,1,5.806324924706201
12.533822298373245,26.740216983584194,1,7.978362453310917
8.584661068762438,17.588341146890922,1,5.508577013256791
10.887638856292456,21.070265856826502,0,7.178756003983037
11.549268106858673,23.042767136059638,1,6.9178619596025435
8.146139056843834,16.85060502620939,0,3.5175227489350505
9.8809492878764,19.83790396716521,1,7.144863675541177
3.517465319861855,7.573686632170078,0,0.5565831338548386
7.951224717331421,14.981775841583476,0,3.5799316469094467
9.49486369721368,19.159088218463438,1,7.0648851098570145
7.504433636070301,13.595152775235622,0,3.4193564136526398
13.26482260786327,26.41841915437784,1,8.539024445031686
7.139717244078735,13.375526846692681,0,3.0405265095909964
9.119911026606033,17.5042921106223,0,3.0454852041222495
10.261481154572182,21.759055484354803,1,7.45233378862533
12.882546578132231,26.85640327685873,1,10.196206360713358
7.128275697641121,14.86568951618942,0,3.582539479603999
12.32632750430992,23.56034224394726,0,6.388427869402509
10.020466122039174,19.724523794383547,0,5.702955816136447
8.036982697904097,17.287063095787378,0,2.7491608524053497
10.92420694852654,21.990130810692985,1,9.164618132392876
10.39811939114694,23.115568322275575,1,7.401388491996272
8.79956624568241,17.99245033075919,1,8.031640021930315
10.139604169980037,20.471257456450108,0,4.33676908946603
9.22937280627648,18.14962914835046,0,6.432748325696065
10.227034690502496,20.587610285787274,1,7.888672839286031
11.324261349042093,22.496052861703642,1,8.215170760373406
13.172033632290704,27.052175941269997,1,8.820041270498502
7.524369002346302,16.00544032148719,0,3.5136558830987017
14.266066749312532,27.746144038117116,1,10.333565033130139
6.095824400954996,10.860415848352213,0,3.188272070325545
9.696429809928834,17.55665424675437,0,2.8811452013772643
11.176634412969152,22.861260152850846,0,4.471130744777573
10.561983735470065,20.020600864766255,1,7.095146115542286
8.754600960358813,15.356311327765143,0,4.687299463344961
9.583755499285449,19.55608960310186,1,6.735289260742828
9.013998130682333,20.520995778797456,1,7.72596985513483
8.821270486111576,17.63647006068326,0,2.459533379017163
11.69920419404205,24.236899162535742,0,5.993190033526185
10.714030971930095,21.509891302407755,0,3.539036260577893
8.614180809478691,17.12947196576624,1,7.066802700223514
11.799199750866501,24.51747598472077,1,7.805141160991248
10.614599041753218,20.938923539317784,1,7.726909492900727
11.62572423767792,23.518840789427742,0,4.948979158249194
11.259257683847224,22.84021317389046,1,8.909093773581363
8.342009978155854,16.01592950266866,0,5.212729653136778
8.879637919606061,18.751318188748645,0,5.023363262814918
11.494587210246523,22.81421466379764,0,5.617776358259821
11.22074053086693,21.685735902241017,1,8.190227550728597
9.958196812071703,20.45290346771381,1,6.272205838048503
10.234654766617563,19.57084155144409,1,7.972883042329494
12.555329791576849,25.138840740522827,1,9.927145790112345
8.81685722232834,17.624595448012474,0,5.479039171143356
11.094194762340075,23.27428509051173,1,6.817494911362628
9.595614695132213,19.665927623144377,0,5.1592246648392095
9.564637593545559,19.104248228345973,0,3.4891772530141316
12.19755370397438,25.212873707149047,1,8.671167163162865
11.65083269797606,24.691872944969433,0,6.276019761850569
11.627019272001277,23.811848850354416,1,5.943693296468474
12.610957614308658,25.232267848460697,0,5.143694963241965
10.042007683265519,18.772179134180877,1,6.737864944888992
11.363905942589927,21.66269822210448,1,7.381093224154137
9.379466486813088,18.45370826927151,0,3.480256307987739
10.648332704976884,20.687153207794484,1,7.713145081840626
9.73971389126463,19.292456479543816,1,7.121330554572827
10.193991929985437,20.44463378486798,1,6.902726833014199
11.190314050873827,22.910320856104384,1,6.83936552527855
8.363558633533055,16.65661848900702,1,7.230486443183091
14.184774551370921,28.856050746568044,0,8.747794388773755
7.987965237000596,16.040404888811313,1,5.510421134653761
7.571622774424536,13.1677789824952,0,3.173644470057447
12.316221747000135,23.693108100181515,0,6.649318538912064
11.583325387925871,23.022563220130127,1,7.43363331421595
11.24823963410431,21.286784525367512,1,7.484722616388921
11.25669101852856,23.113310767053324,1,8.36799866098895
9.97550645430617,21.48176374095604,0,3.0783971396457925
8.205491257028337,17.62974436575399,0,5.421047953366838
10.151609116387453,20.089775361844698,0,5.1484850825230675
8.645676576975777,18.782079290801505,1,5.9113451439257085
11.950239466835502,24.049146390873116,1,7.885885579196302
9.705885236995723,19.074684502873406,0,4.81537197351838
8.349005606414977,16.084608549289015,0,2.443301499762563
9.357228316694012,18.411986946899898,1,8.173552385800242
10.82586290855125,21.26354899856127,1,7.454257086546243
8.87255089439205,17.915518011159588,0,4.879277577643401
8.355559208867136,16.871692398784138,1,7.129329375007611
10.487374422983825,20.977794866121066,0,4.222524753931612
10.489933142217446,21.41680445418124,1,7.718438470143951
8.98611364925774,19.162873573301823,1,6.225415733730077
9.057923388763355,19.065400912968034,1,7.375732469598171
10.464099874715272,19.44330178098064,1,5.1048225170061405
7.103831317005351,11.653741499108747,0,3.4528213582614065
7.1850724512468895,15.304464813733052,1,4.989715569839483
8.563111557495128,15.759344416574836,0,4.71381872938172
9.573105696576306,18.92144599125993,0,5.256597035656355
10.621815131196009,20.07351723633266,0,4.603281670775978
12.950712433899104,24.09944443021819,1,7.7631823527735095
11.71531924640404,23.972101221012867,1,7.74699425464469
9.680122940073145,20.11940104044894,1,5.943419242721364
9.961967584194623,19.347424767662528,0,5.822967487549438
7.994941270724382,13.398840249303856,0,3.628263434914745
9.96297372801522,19.379703007777955,0,2.0744986446859683
9.422682722159724,19.237169449721996,0,4.336519304458056
10.64543712067618,19.81196267257823,1,6.284174739494118
8.345538112895355,16.874436145569867,0,2.541493240986732
11.038693028482344,22.06207620779169,1,6.281919876018599
13.065477826005155,26.710247151611398,1,8.642147384835548
9.782479703086285,19.68453977458672,0,6.219880679791373
10.803423444197882,20.633777947514208,1,7.714896195963921
11.380287983422225,23.95714746850894,0,5.083640603495373
9.197559056228327,18.236588539429682,1,7.0546837232848665
10.448184963620834,20.869065387731737,1,6.7650021715914255
10.02518480156359,19.117101644053985,1,6.31799203161865
10.195352197097664,19.947422143003816,1,5.943313430315848
8.453980432289066,16.023158150551232,1,4.475161409392814
10.049020348517885,19.92509463711235,0,4.6345864676994974
10.9959965824909,23.703701645124145,1,7.656051781165582
12.902287215590084,24.43267328824881,1,8.354519937780154
11.918541652170413,22.223521906464086,0,5.5433038981378475
14.306364915023114,30.083900157539837,1,8.207436396814776
8.4653048742239,16.721286071295935,0,4.840898628796919
11.744641273441356,22.820209808222796,1,6.555188716774094
10.366684011476703,21.773272710349485,0,5.959369919581827
14.379605866435345,28.153596193133826,1,8.187585914290947
8.383403429289697,18.59281657212633,1,5.439266477291813
8.320556315638449,17.319038502616166,1,4.6934929672035475
8.801214709111957,17.11451801007821,0,3.8992052076703416
5.752208551380386,13.661725316026276,0,3.851416734168172
8.948489956638477,17.291264990273618,1,6.989873066763195
8.481734676892604,17.705564725794513,0,5.219289450474337
10.300787572952416,20.900867726311322,0,5.672536332410144
10.683511951554319,22.668765192507436,0,4.23808614724679
13.752341678431772,29.066194553590396,1,8.54538161488833
11.9008476763721,23.833699501809967,0,5.170224709068587
8.846192688675194,16.938967507004204,0,5.753671248376637
8.203170657303284,16.866313457545683,1,4.904796682225331
10.983838343013012,21.289961316273917,1,8.385616860895617
7.359533585958715,16.732454419444053,0,4.572720663088127
13.662917531708707,27.46237039450015,1,10.661078967570441
12.358880241442574,24.352438931573037,1,7.7697535280917895
9.061648695790591,18.30797769744609,1,7.2431465074754575
6.573730941818244,11.800335594106791,0,5.568517307447965
12.707744748330827,24.443875458151002,1,7.736230697231716
9.770920309494764,20.742254526933955,1,5.350419907215023
12.475632623946924,24.29437096892245,1,6.357806278065697
6.811144682411266,12.575378382140592,0,4.118284370066965
8.801249954092455,18.139152660712195,1,4.517474768987643
10.010487399436366,21.20667895353573,0,4.6329246467802605
10.093961187529484,20.906875685724035,0,5.484293780803703
9.099869057041513,19.195785799888842,1,6.73511006535067
11.245699864694998,21.734604640820535,1,8.048294796531671
7.864759141234812,14.307707615727779,1,6.15466942641826
9.715241029957413,20.931815711870314,0,6.1364863282921
10.240591263423799,20.158502688005463,0,4.167979250973103
11.028877668117499,21.80692231977995,0,4.837443695600218
11.42322975617778,24.174653654204615,1,6.938955432818066
7.750715816324262,16.057661642049183,1,6.705549720024742
6.931771658528755,14.319431089139119,0,4.3662844176594415
12.555353643797018,27.27570963249512,1,8.728902141217018
10.664628023959184,20.685737817538225,1,8.51580767886952
8.503026926886893,17.93389398185502,1,5.073472596067066
13.102303951045046,26.26162102698718,0,8.21837608707366
10.231349268585717,20.73129081603469,0,6.638913256005116
12.358594368127653,26.245657162667836,1,8.914919181309575
10.135036962820218,20.77790968193006,0,6.849317390181168
14.121495849763974,28.781287778577582,0,5.404124717204214
13.510681684886409,28.09387070708262,1,8.230892706180551
9.502071703041853,18.63919067654082,0,4.015732390838974
11.94314190190871,23.047074136478415,1,8.693050274711698
11.290751899170296,21.536694604319557,0,4.595235209983002
12.737263115064698,23.508169640753394,0,7.126126706869835
8.070153078839791,18.196513287619904,0,5.405612683416609
11.372102919996879,21.640997474272073,1,8.381254360082439
12.116848973699176,24.01244432381258,0,6.342175510511089
6.482521027153771,12.68822875441862,0,2.2533871726761365
7.63348297466845,15.574372647146001,0,2.9698905212088604
5.921535644479799,12.658808501498894,1,6.210386727536567
9.461186331110884,19.782846150581513,0,5.509942169460775
11.435084511591924,22.28709158461491,1,7.678522736418418
13.004714104192056,25.8423064945977,1,8.084447506330136
10.148189560839551,20.5789590721674,0,3.0482869073083987
13.257231091142584,26.26577105610162,1,7.557763126886854
7.239797083570217,16.086939743160425,1,7.531317628924832
6.593235121289691,13.677445194217633,0,2.016161989642379
9.888904602206763,20.512686990463344,1,7.133932122324462
10.768130897878615,22.199143064424643,0,6.391509422134506
9.934610503811815,21.042694865108956,0,3.712382583903615
5.865115799920247,11.9112531585442,0,3.1172683747412067
9.821759920974424,18.346687893993,1,7.848795497997867
7.391060998990294,15.181809949733228,0,3.708029821402397
11.339345097660077,22.027333301528326,1,10.538075604496807
10.733196492193697,20.937776302637637,1,5.697998987218654
8.120240427345289,16.826844873445673,1,7.118848743556523
8.972266165326612,19.18281540208686,0,4.313331345266842
7.881572956222097,15.784417489180257,0,4.712706632947723
9.874641805453656,20.058116623506276,0,5.378628054426074
11.910284641002477,25.52278422664019,0,5.2219861233912415
8.028547907328912,16.297848994146392,0,4.243270346123796
11.008093031035688,24.617869176251773,0,3.646145064119557
8.939484763255118,18.44447917214178,0,5.072989882198953
8.414254335475311,15.067745911794805,0,4.505285633728182
9.785939280090885,20.3252201812863,0,5.531629808688544
7.929515355161252,16.24018909520528,1,7.022876002667776
8.892701389305635,19.075155532694016,1,6.813970534862529
7.6042442148223035,15.881669780914565,0,3.950211527209428
13.929450265832779,27.720444547681783,1,8.083656796255097
10.070527103943457,18.91675597159755,0,4.323042788322677
8.600548984014829,16.992074710743633,0,5.4870091121847455
10.427959821468445,20.00539918872759,0,6.650315316440201
9.77534390061834,18.970164351431958,0,4.649561513997116
9.558060800933555,19.70470000628772,0,4.825033147720052
11.22833340008685,24.126571304525108,1,6.709552325049659
11.51501542009461,23.424702370012202,1,8.93026455531475
8.938997704778945,16.682112347522704,1,7.134915676081251
8.84836351871064,18.14132970564142,0,6.365399195819069
9.449896605696711,20.096424698039073,0,3.8466252256686166
5.39615767052883,10.182532436738278,0,2.320070936246198
6.969617875602896,13.805218584532875,0,3.7162548603270205
12.733748534889049,25.482185264507294,1,9.013363805170295
13.289935427002568,25.794972540922895,1,8.429300075953652
9.501927920887244,19.652136275618346,0,3.8780028699899214
11.153113926111534,22.185279703615286,1,8.457964491979338
10.622500309087073,21.664533062081173,1,8.032385517089118
16.157761616910477,31.428031056018852,0,7.162606707891514
12.239149822869154,24.040841345414897,1,9.475017712540073
9.744164817038467,20.210710991904705,0,6.042281117715837
8.088919118799149,15.805005085506531,0,4.178756056647368
6.787107359484855,15.301178570203115,0,3.473151542118464
10.406927271734446,20.41421835785429,1,7.75752140698313
8.487298509431394,17.199281744614673,1,5.381946184459439
7.155492580804651,15.243575993482393,0,3.607777769566408
8.706854231514946,15.99534273009686,0,2.2010435711482925
7.83690399277121,13.912999173561644,0,4.794907641888541
13.37428327014513,25.222910225720163,1,7.125648412630705
11.763279513898901,24.789143131224986,0,7.38505958537845
9.984054717366766,19.416251288841085,0,4.661907264716932
12.959888277780053,28.477975841228357,1,8.268277156958849
10.154736615295237,19.745225631933085,0,4.449634401563113
8.277431597343472,16.73941449788398,1,5.85067692474966
13.046248154539315,27.634606261646507,1,9.941655422417693
11.077820087369318,24.16173306289776,1,5.051101387149579
7.925507691347088,17.912518959330573,1,7.239719231761732
9.619322643832783,20.44701151825871,0,5.1476848030181
8.248763493230484,17.52158951227243,0,2.9173600987580266
7.234400538071327,15.061328025343837,0,2.5418878759864256
11.852355095063283,24.4830712662932,1,9.602570574739845
13.818833280940261,27.08648084555199,1,7.963909760527399
7.202864852361717,13.587530821301128,0,2.4480819155848987
11.125938473381142,22.24850248935133,1,8.700283779055301
8.698714861756345,17.227245100987762,0,4.687910307164087
9.025749232470607,17.59827041561394,0,3.5749490396989048
8.815212151522262,18.32681175050124,1,6.62423105116575
8.272018460640368,17.499342129851247,1,5.110256546679906
10.097043255889654,20.282493398071153,0,6.149343026367432
8.338099767177924,18.15372961541111,0,5.230420848462096
10.540913651559677,19.94013818898585,0,5.802463024601781
9.899523781101726,19.605388102923733,1,7.31142295179788
9.52210390626718,18.327385491931555,0,6.522240078000964
8.184872675916804,14.503208734760548,0,4.092122665346627
8.846457338863335,17.61023399188397,0,3.241354544010866
11.510782451651512,22.89981739491974,1,8.204865138658063
11.001834375248762,23.517118493739655,1,9.586964237161496
8.044889510402898,16.720590705360575,0,3.007685262015597
10.19866461085845,19.373142397387696,0,4.737869538735239
11.502774246743577,24.859641059821342,0,6.167833161473241
6.6611894377572565,14.543412571039866,0,3.276689869872889
11.08672038475987,22.755538472988356,0,4.56105661200262
8.674752482108307,17.123020865366783,1,7.459234097284624
11.141197337186318,21.322955437649156,0,7.890639390610419
8.473481686914965,16.574756597758878,0,4.43287230248139
6.390235798670962,13.86922021704611,0,2.2910496095994803
6.744915124233675,15.374416554401957,0,1.8234970370633623
10.096169893322765,21.73558331491772,0,5.306060927882563
10.519445003442964,20.550040585099655,0,6.36359984503774
8.191366749791182,15.263116066293353,0,4.570851121390973
11.277184917554749,22.695256082020702,1,7.6361886178585205
6.67695987546208,11.585480385361308,1,4.749208285941734
9.867840402705367,20.058848519595514,1,5.841756568634594
7.5779676004750876,15.008332614651506,1,6.623735126562426
8.696327784395681,16.92661906692312,0,5.261935513583426
10.094797342632829,18.59489161799886,1,5.501668884625682
8.279173269432095,17.071946645433904,1,7.729425612896732
9.23088891154035,17.92907698341879,1,7.1895156766641755
12.012585618428881,22.855254401147473,1,9.405887454360233
8.846216260953703,14.820170308625757,0,3.0809803819917363
11.671384224130284,23.31525354320993,1,6.469867956649703
7.740586290684764,17.25342417803927,0,3.721323835575085
11.059608355830566,23.780475926209,1,8.032588604810478
12.8831372413158,25.30917822604533,0,8.237929443584864
5.056710999745421,9.511209939129062,0,3.2344344136878425
8.406209489059046,17.281193234193115,1,5.96042346771749
11.15414425436108,21.30990306953387,1,6.550702919514648
9.593909227914015,19.489610355647496,1,8.026955186676158
10.742291746742618,22.250663771869927,0,4.406440447620594
8.79202962656836,18.810992477021028,0,6.024483368056502
10.1731795749458,20.246205073411648,1,6.802205137866391
9.68864552921584,19.173617308254716,0,6.434904837225771
12.335564123319614,23.793145659882665,1,8.846713351719085
10.508841686602427,20.190803019164992,0,5.1174253538587555
10.675205324150404,21.123931756399283,0,4.818206290249075
9.176246067755065,18.719857642326307,0,4.247215156531452
9.024787551855013,18.963159729943275,0,4.940710468302744
9.134883624360759,17.466588298041174,0,4.644598308398097
10.788904284756594,23.07049713847271,0,4.800640734309592
9.158031038359475,18.044938475676382,0,4.413384108862105
10.579549713792826,21.137732133237215,0,5.368351886615563
14.150801597290876,27.554391515433927,1,6.946666704230626
11.742249406863385,21.060258553453828,0,6.329292818220392
9.347952935664317,19.579951267689683,0,3.694255243115352
12.402427844327889,25.541699585748212,1,7.047881518958199
9.183849253956897,18.08637095079558,0,2.904580279867738
5.923750929644292,11.914492576513457,0,1.1679829669542559
7.983827378165191,16.48359397403448,1,4.636466185970306
6.258416157948289,10.954286459010035,0,2.4201871213436537
9.296973031917382,18.064893386488468,0,6.601745653485259
10.036836758379103,20.86793819638003,1,6.492538703294348
13.352874624550566,25.45145982593188,1,8.854187418543315
10.653854747528325,21.601267427223277,1,7.727408760270491
9.561798942382271,17.767016080141136,0,4.911964657406984
11.658811162366979,23.784052307167485,1,7.751962120457495
5.57772938198423,11.119817281670976,0,1.5935709273928702
10.471229116217131,19.327326416528752,1,8.686542106387778
11.541730387773933,24.24820013000504,1,9.578061837524851
7.0428275084403165,13.351063440082584,0,1.8387550600974725
12.287508086413858,23.764763735813336,1,7.11972545232055
10.676992814988829,21.5545548272086,0,5.058686065117408
9.169424172198397,19.48748569382551,1,5.620174291189008
11.26556373221257,21.515305645446745,0,6.13874741956215
14.541385715608792,29.144451281065557,1,8.542420655397782
10.363732510116991,21.156281520564555,0,7.3469223228650975
10.496441172600672,21.68598795246449,1,8.438769180643932
9.081278200919511,18.33899795711625,0,4.753213131091971
8.300311261070416,16.233594683057508,0,5.17714189385494
11.66067163308849,22.493753045528262,0,6.936236240901554
8.287832348182265,16.661808579410906,1,5.579968686032889
10.143132474438785,19.214125936891964,0,4.255348992677428
9.044685106469768,15.168019729444929,0,4.600485616204531
10.957959651492784,22.352479107143235,1,8.340615950244336
10.667324210573897,22.238583262233988,0,5.472722503940366
12.075079888515798,21.787227341489757,0,4.4605434620669016
8.979967202290506,16.950203699871075,0,3.6871591571944107
9.460250129413257,19.53965451983171,0,4.656152201112251
8.042472568435386,18.142440606582472,0,3.945570679891863
9.111413479847776,18.243620667370962,1,8.528248916713697
10.754600986089704,20.781199030950273,0,3.991312550645854
11.513977233290703,22.845058025476565,0,6.262577858481226
8.155669351644748,17.68621512243768,0,5.566947784150663
11.73921184021132,22.832459501298104,1,10.141055665528455
12.711275717609901,24.623359428569547,1,7.951240435620989
10.826869806447402,21.17099609071277,0,5.9048643559439
13.753591625116131,26.55385464197355,1,9.446556169756711
8.452421601792853,17.027513519580502,0,4.421692532449717
7.510690593377166,16.646059645223893,0,3.6565000954492772
6.442559502191443,13.208198277498916,1,5.657255140595767
12.992088622978367,25.731823743830446,1,5.963798226269497
11.308731312708115,22.325651356500686,0,6.336435146416689
9.88883065817909,18.214470507661524,0,5.070593232751512
10.55993725263964,22.00298428242644,1,7.057493729541555
7.7490219054032465,15.420206613793692,0,5.921373148421181
14.891503959233653,29.602528004876678,1,8.770817960826275
10.258442363950454,23.70999229574577,1,6.726145192910196
10.218789589209786,20.736332086785257,1,9.100948096809628
11.451533247797384,22.151275445499582,1,6.893705319048835
10.962018463473427,21.49767933074131,0,4.930893948800175
10.447768048558263,22.04398180631328,1,7.076858600848282
8.419051089109375,16.951372588756517,1,7.050260026684237
10.942936714271992,20.44759545022662,1,7.679270864489309
13.764048992950068,28.44732692047534,1,7.58939914932277
12.690840092309955,24.713536099080915,1,7.813251483027788
13.186373253278795,28.246044282775134,1,7.985832193427186
8.97756864713763,19.03518535998991,0,4.41156327834577
8.020790359482838,15.594258823306925,0,4.436238838371248
9.748426159800704,20.77786868133652,1,7.292418835788324
10.11144982457739,20.290755159682185,0,3.279713158240293
12.188383036941897,25.229539749006012,0,7.158132506031804
6.615070740570362,13.714874298435198,1,5.560104216281804
13.059100638921228,25.27184462285158,1,9.91408236705452
9.683984202842021,18.72441857336658,0,5.2861904287116825
9.14623786010516,19.322436537791482,0,5.674441887788342
7.975791249479665,15.616807166852789,0,4.454440936189959
6.69028665626846,12.976924849294925,0,4.691369084336978
11.64634116792383,22.337559756498305,1,8.345421219979693
10.146635934376807,20.716870934347074,0,4.9754027207455
7.420078200517892,16.90268132027893,0,5.9824738207058274
7.409842455872768,13.752151997491264,0,4.593958350216276
9.328430601419743,18.681080659512244,1,7.237959721714285
13.338043050578786,28.088306656573003,1,7.392717108751057
9.48081729727279,18.881993203299864,0,3.452101031172857
6.993714093763788,14.43979998377731,1,5.789572529023747
9.508513871828113,17.954634215509344,1,6.899778133682297
9.45455286050466,19.33741281821697,0,4.113153865244014
4.606226714116857,9.025309163229165,0,2.4440960566704883
9.891410266964376,20.768550529608614,1,8.534332061525784
9.538130939582643,20.263647930730038,0,5.464467944341621
11.392412729626837,25.37438910127229,0,4.555197855060681
13.69791218989069,27.975457552994957,1,8.737447267802402
12.253130059095515,24.832056434773197,1,7.321598548695197
9.462222618890339,19.118829539358014,1,6.343411393036608
7.78694818251666,15.220730072222633,0,3.4798584256286875
15.14671960649972,30.631923056461133,1,9.095714220645856
10.118436868028976,19.941472325918923,1,5.804083062041093
10.027858583825893,20.2241781439214,0,4.886274610394756
9.951749825779993,21.221097187167945,0,4.415267276042687
10.396169521535711,19.78579647779178,1,4.268636070765588
9.711279176152114,20.562436913433274,0,6.908611612577721
8.852675986239527,19.02246703981892,0,5.5151076473364355
8.906282117519215,17.694495708047352,0,4.076840333834611
9.934493459568003,17.74713202012741,0,4.9860657795245995
8.91315045773247,17.21847892837051,1,5.284920881548674
8.57430843464567,18.44561141585245,0,5.9828770951337
10.212860455383794,20.402852848468704,0,7.0037189224650085
9.49004556515829,17.980788898021668,0,4.90171651082567
13.007985977165376,25.511197033102533,1,9.527523632768032
4.698060383213976,10.236740792932505,0,2.524316970540912
12.183013703844924,24.912760975891228,1,6.754781413046532
12.492170384995259,24.745408670820822,0,5.834261823533972
5.853219535183701,11.339614658552714,0,3.0585377343638074
9.314624811839302,18.237491474634783,0,4.202764687176207
9.257118268008417,17.591826351518332,0,4.409905856569173
7.184976610564357,15.985328910598156,0,3.5010887477730632
8.44436662481825,16.566412780425157,0,4.141304814543663
7.7788483090683425,16.77485513896218,0,3.9416826450316544
13.504540886847245,28.53039782561694,0,5.691665377027022
11.871356786294923,24.741024470737806,1,7.218662244019526
12.543110189988317,24.654600067258585,1,6.98697082929419
11.44334412808647,23.290418346509547,1,8.699487613729435
7.741896457565542,15.459597308740166,0,1.7653012869424463
8.950959467440452,16.998217074150777,0,5.629070077037152
10.978749122455836,22.281857526633274,0,6.875723958490762
7.555744382216109,13.932448973272416,0,3.475691604125433
11.425996860344776,24.039673109151117,1,5.10986134234509
9.51934920368373,18.574081110069066,0,4.398364039874574
9.250358384900805,18.70187642567445,0,4.560995031161583
11.421919936406983,23.12712774436011,1,6.700361748274577
10.88852662297208,21.518148272240083,0,4.929044917677797
9.27806766836184,19.142829138198955,1,8.169229033044271
12.318659606728495,24.162415556834468,1,8.824256965665988
7.837873344800205,16.547043987057656,0,2.994372558022003
11.231871213888528,21.117762747530307,1,6.018336437348832
11.186202515936767,22.498784611419946,1,7.266083940358612
9.380907121372019,20.70074324180232,0,4.476996781335571
10.652266044484236,20.304200764362896,0,5.822332209605435
7.497772847229394,14.317800723933935,0,3.213569711047038
11.848054038413801,24.210015926486516,1,8.435526594568762
9.630195727114021,19.43997323616764,0,6.750251903617239
8.95455395896192,18.2597380171974,1,7.292778001925223
12.098018451673779,24.68522403349522,1,8.000920718506118
8.59131261891448,17.817346706390733,0,4.112505838403946
7.183077407272881,15.475854656501985,0,3.234865569456569
6.8867416529521925,14.183301962832898,0,4.624011738928241
11.21201990269128,22.182782150764016,1,6.978696505394337
7.439141295007434,15.550856291217599,0,3.7647933565036995
13.50958836396873,28.919058662832676,1,8.805992083865451
5.836141184232556,11.539648622082538,0,2.416286399304746
13.392912736580076,25.81129616848951,1,7.323990820405937
10.422034934405238,21.951150538097448,1,7.533991970820288
9.806573776259215,19.49276638856483,1,6.8422829162742245
8.910161826382101,15.647654106750165,0,4.95532138262762
10.79827222870414,22.443966134558703,1,6.865535807912903
9.924730595150303,19.314133004346683,0,6.183186596388199
12.206603764033044,24.322674245761927,1,7.226528100804678
10.228455297324079,20.78889092521717,0,6.826267932679932
10.300603522923755,20.791706725626575,1,5.402665251633616
9.272775575572288,19.255002968283616,0,5.071157852343035
9.886108752557865,19.336731134545886,1,7.418485058805556
10.615603537784118,21.744312873744317,0,4.512244700951177
6.579663214686749,12.899779751789582,0,3.7142255452043873
7.303629155788574,15.346068792464651,0,4.931333247654446
11.48652818804543,23.588423860103912,1,5.52644525466865
10.341730876255884,19.74802305046717,1,7.6736102456187565
9.632033327294641,20.350048770764314,0,2.322745843317243
10.036867866130786,19.537772287147522,1,6.052769129542185
10.695163410723342,22.19838461972783,0,6.976748070262616
8.920480639381276,18.208248592163894,1,5.878458286298584
8.443390549195374,18.72496477518587,0,3.0478153101887147
10.391690510195364,20.559915038018875,1,6.997907526113
8.043254444769936,15.737192093421674,1,8.08953356054852
10.816505511428943,21.613591416970152,1,5.576570508508445
6.594832791524319,12.886485800214363,0,2.246106484122815
12.058311274651288,24.916564451244625,0,7.5265873205052705
10.945194964826086,20.274079321215584,0,7.3302998259507754
10.51205946862775,19.970436518109146,0,5.152598510023592
11.965381967891028,22.862961014202863,1,6.743638281418872
13.330948888925153,27.612205369823883,1,10.761317946271735
12.028740130036262,25.76809363265445,0,7.608812456767327
6.318251537336709,12.532053856135947,1,5.838072756430588
7.4408460665285965,14.712870409867183,0,2.9080206843268783
8.750362844608642,17.570777852330465,0,4.326152081466284
10.052182100421668,21.266242503451526,0,4.865730969166004
11.035318040938247,21.14328294768592,1,7.8485103250847015
8.548512373693068,17.33539373012092,0,5.7252576249778695
10.373533528954157,21.722264687690743,0,6.0661838056144815
8.489234135293355,17.479562440526554,0,3.167240990661919
8.776964394016103,17.74351040463095,1,7.764978647027589
7.186677806303555,15.37440170517425,0,3.9064710431649328
8.153533507778192,13.603834722557147,0,4.763832549748012
7.296630788767333,15.271136897065572,1,7.1148562536622695
8.048253494045335,15.442431304963247,0,2.9125464975091164
12.10728359321568,22.383934289574903,0,6.017816217901377
8.101202222336115,16.71360704419721,0,3.519146559808842
15.26476412967478,31.90318680451252,1,8.064522639471935
10.986635801761778,21.835823088895864,1,7.8400278784858095
10.369672247389747,21.692219041982433,1,9.696392675279297
8.283284439637573,18.17884713726379,0,2.3015644753130333
11.400619758817982,24.11615397122001,1,7.66802926835952
8.848724347524453,19.3374132244203,0,5.064905108836999
10.244019629290722,21.230166749653336,1,7.245088016301542
15.12016907653759,30.315771791976772,1,9.446956485753054
9.8078802005507,18.01379458920423,1,5.604723736829526
12.298546652571352,24.351030817012756,0,6.382060069225839
8.593647149748225,16.34404770418026,0,3.5400595978581864
9.930023019006077,22.030988755509966,1,4.775089804524486
13.54160127127102,26.907316730109702,1,9.96539285614924
8.746065884424466,17.615336575633417,0,5.331418762054275
13.624897115993857,27.80127960802818,1,8.864109534848009
11.415503870910952,22.874610188194357,0,5.936826623661179
8.875066448211465,19.44518393685368,1,7.511851236821294
11.264815478111041,21.90698159448763,1,7.856747395833603
11.945108899253459,24.08482525374416,1,8.876572004388043
11.243619924434393,21.74476926317074,0,5.324327761343346
6.859550560219088,12.399078609217469,0,4.74175901868349
8.545725648350263,16.479682205795243,1,6.593648550107815
9.50496272889699,18.972888660745568,1,6.946533308054369
9.851133141799908,19.272964059082554,1,5.655505482187921
11.241344195101355,21.790267410328855,1,7.907627951852386
10.355402001866508,19.304486540061184,0,4.345746083438803
7.3293112825797975,14.5755169925309,0,3.0263729147614047
10.760395702011927,20.01607102999285,1,6.564822222689842
11.221171490567647,23.202398944824896,0,4.5443508133845985
11.119580895862079,22.321601544658662,1,9.684561850948
12.161561451109243,22.865571402753556,1,9.412119787543025
11.667844309097807,23.02647954114575,0,7.754289656693165
10.918360158456874,21.084563911323166,0,4.236285059672873
9.859668577082706,20.038511664584593,1,7.001088038452245
6.678078132968018,14.69660671195918,1,4.0455314412799135
10.859236438265171,19.843300406884598,1,6.733923341935522
10.415375374326223,20.94577682779986,0,4.289560703746536
10.543157674390747,20.926182553214854,0,6.511162843636935
7.446502848359381,15.564345773169226,0,3.3270217460779303
7.837886919183475,15.88897046660464,0,4.987322793285754
12.106305706665808,23.460642081592795,1,8.657273742921422
9.92088969228669,19.522725448906762,0,7.264083598248133
11.363001394745249,21.92997693268701,0,4.202056474232901
10.05663675226092,21.189280643120437,1,8.287551615917259
10.059512278991486,20.140336206654915,0,6.1761970098964705
11.876567611951995,25.654325909656997,1,6.9649049679489625
8.967910543565253,17.875160273315885,0,5.491088608255787
10.192241553881967,19.67607634085347,0,5.432265739967212
9.075449422589914,16.637184452567002,0,4.3102484513415495
9.131007545135368,16.45887541401479,1,5.741568285595684
9.381655753062722,17.179175563119955,0,3.971718425082175
10.444267543267426,21.155661737546335,1,9.271945867419639
9.042502756673045,18.593730536576025,0,4.521934197294005
12.511512251147042,23.44183380026195,0,7.03788612710498
8.210785395560992,17.316609105198097,0,3.3144933161129426
9.626256711677282,18.769452371671125,1,6.033275409617002
9.12053788345165,18.38786877888885,1,7.642253750975767
12.893955768707466,27.400132165670357,1,7.097401672802199
10.39310955302315,21.68305842191183,1,6.7813410086063035
12.06368907893727,23.858847509968705,0,6.065871950540867
7.028879253926056,13.166566282436825,0,3.6258122288030803
10.534100531738517,18.91638566214773,1,7.087956980853102
11.779261591246874,22.839369863251328,0,6.28545057671936
10.16456797855085,20.118005718274002,0,5.775139745093236
12.130960750130702,23.27474197311022,1,8.800117920524682
8.965423099799256,17.799589232506207,0,3.4969077412318015
12.81869488037116,25.714241643701087,1,8.125192342256783
14.5977962472385,28.97073651266892,1,10.493660985496188
9.274322879120682,17.898643177417902,0,5.531808627134213
9.108994957198457,18.38664458636364,0,3.181638027118164
12.906768954235401,26.255478558040213,1,8.804864377469903
13.159144291461425,25.227889505480004,0,4.601346896355903
8.954279945693463,19.319492271133196,1,6.524074874907101
9.159626365808284,18.220664599332306,1,8.47758019965012
9.436430782278986,18.89171118750282,0,3.7703226738705067
7.3110989779314455,15.330412379119448,0,2.8212264434741408
8.162696107031604,16.558608345326707,1,6.845377835088661
7.991718466495865,16.936573566904976,0,2.4530577180382864
8.464404869791743,17.21593390478531,0,3.5994474050108325
9.930630225226437,19.248823075812435,0,5.561756250194971
10.46842946507304,21.298362455352184,1,6.599928884847117
13.101000985628154,25.058275763935647,1,8.314530505603106
8.003291918522418,16.11514354282136,1,6.745831669576243
11.968644796953168,23.904059603261874,1,8.405868482013146
9.572022311548983,18.935927765825426,0,5.052829552069893
9.901072580695134,19.673607649951336,0,4.611414011077528
11.349638984333208,20.817428923168777,0,6.04488060743556
7.754555956875403,14.960387006009844,0,3.7535452983379445
10.764819492368101,21.622483885877315,0,5.8402153561098356
10.332904416426112,20.825665224849626,0,4.669520183095078
10.984902528016297,20.942129915106637,1,7.309882289628607
10.578337287815636,22.42238241649597,0,4.299210851355804
14.91060027982179,28.955025711429077,0,7.420292529904659
8.724520031497368,18.418497263521473,1,5.551259152119839
8.938006089996364,18.303206541864412,1,5.354956594836189
8.753718947150471,16.86121058445714,0,4.635520621430624
8.88904576167949,19.553402415968492,1,6.657262656697405
8.725225745386965,16.25681465901745,0,5.145486607642055
12.378033062215103,25.675220298040205,1,7.7578909615324525
12.84100849597971,26.682599310002395,0,6.8285570948266106
8.858507412501048,17.04639461592545,0,4.980051278524187
8.335288853791543,18.063043007647416,1,6.612418234727366
10.942831112772808,21.635615710946663,0,4.645761873584262
8.895553911438057,18.079801452155973,1,6.597140437990218
11.265863635511023,22.79204910979327,0,5.997072113810173
10.405846041702599,20.67738334193465,1,7.210101487759242
6.968511770005536,14.747831813170855,0,1.3977782266316834
13.095010402660122,26.983509525872456,1,8.70799482530354
13.591755346191043,25.434978719143906,1,11.008408712492765
8.774422619031228,18.853185480940606,0,4.027172040758631
9.224596880128033,16.78670177222039,0,3.8842213422086953
10.57173078144981,22.176007767241277,0,5.659213950436303
10.66891357997405,22.464532296775687,1,7.646835000453597
11.31708854534566,21.543210660476124,1,8.851279438089245
14.0204090775327,27.630003867110815,1,7.752336382857461
9.6461055450119,18.186506421537867,0,5.554433025080943
8.403405510923093,16.59188999155745,0,4.79212481671301
7.241361543970946,14.174688803756151,0,3.478534235044927
8.538139920116162,17.855940372501664,1,6.60775727797977
9.933746054252406,21.177800854624422,0,5.996330508724561
13.589115727035576,28.57391526486111,1,9.666873243546238
8.964777401927657,17.367386777277012,1,5.3393693888901
10.447575903277796,20.685929932811064,0,6.043946138394382
9.967154207854495,18.25087022348804,0,4.91888849889473
12.376786546896168,23.94770302729615,1,8.2612673714636
15.053864851747242,31.07258133659194,1,9.600129416875316
8.938262454159359,19.49210773186695,1,6.31888823828142
9.021121114963556,16.80789335804719,0,5.702268054588843
12.088321754138144,23.584179249123395,0,5.9604429172198605
11.363782979252623,22.70116020154632,0,4.562345361243143
13.693414651472068,27.666990461763742,1,8.453177469766306
11.167856370651927,21.52610922138221,0,5.76262290213644
9.28141581842588,18.98689268131585,0,5.869922693509991
11.181309661384619,21.88877997569832,1,8.193749515641143
12.217407161165816,24.420362051453353,1,7.258168301835864
11.640964362394728,23.828212972793157,0,8.305672097876256
11.014548062214596,22.03551839424013,0,5.772049342085277
12.133349379178307,23.830312867830045,1,9.342065427588167
12.338591180891346,24.56757255785686,1,8.017581156868443
12.764317982075054,25.440273004944775,1,8.915518235742978
11.297419775179286,22.224828520476443,0,6.488178392108048
9.665763839366292,19.072731616065482,1,8.051076631437402
10.293427372866645,22.185501916238007,0,6.204081991811548
12.413017933016715,25.386955313974667,0,7.078705966581335
8.366128658025527,16.436776998021895,1,5.867977597818655
10.737346617745802,22.171647640002337,1,6.796927266916839
9.213322375345278,18.092825260934546,0,4.9392686979968365
10.057489645869635,21.288103929325914,1,7.961872895275887
12.556903725214598,25.48344964262729,1,8.05573116183069
10.382198136039806,20.657094128075382,0,6.25627103373429
10.092873096312298,20.63346311843487,1,8.499053293642328
7.280287718040162,12.989699284011824,1,4.723822939946661
11.492507132054442,21.85824679519908,1,6.909332862230941
11.29096836228215,21.388011718165245,1,7.505109122235739
14.32650944661092,28.795961987985546,1,9.470867391494656
9.384443530093998,20.501402059673087,0,4.167654751279948
10.438300655327877,23.10790145684839,0,6.5713530065310835
10.498767367421511,21.63558583628378,1,7.6734505452292066
13.15490655952695,26.810657593998357,1,8.616900328004215
9.809408935226095,17.81776013629945,1,5.46879494374452
10.558043051540679,20.573412303347336,0,3.963205709342833
11.215793019433079,21.643802286957918,1,7.888905759998345
10.373218246312716,20.125588894374314,1,5.054013497001522
9.107132770898943,18.046121723213098,0,5.566203795093543
10.388179985796615,20.304269393896103,0,5.0359361485259875
12.147263499719545,22.3152271890633,0,9.316724719454506
7.9469694011778795,16.641849058473294,0,6.28140095120505
10.265939348293752,19.459135670847697,0,4.951520604899359
8.599758370121654,17.438763604354456,1,6.193542182529512
12.390093257849685,26.854269185449343,1,9.190628142926872
6.95362619043245,12.987867789278477,0,5.179985705134262
8.882156305456823,15.234025088167316,1,4.803049095292394
10.754423750129043,21.222843278377976,0,3.5908364097098344
13.13104805846868,27.36305575193593,0,5.943489223679959
9.868499477854025,21.695346409928643,1,7.516987322100877
8.889600946613603,16.549652298774788,0,4.941674063814399
13.76231413888118,28.021327500998883,1,9.950928524424441
7.1039721991675115,13.74263394155497,0,2.3522885712184474
5.602388086759836,11.098827819215536,0,0.4850501804110414
10.880028900106664,24.404401147230363,1,8.298028645355478
8.995891551294777,16.4888127741944,1,5.669749502682154
7.9575343657385735,16.16880839297172,0,1.9602793184806488
11.416712894598707,23.301118960962846,1,7.853420193258735
10.487601427542398,22.060989180024144,1,8.036976401989875
8.871842738526544,17.841668630523984,0,4.313864237141995
7.439391202658211,15.186832944820523,0,3.261847215146616
11.74491465656029,23.09818074569879,1,7.713095096134238
11.300402355917322,22.869931653079753,1,7.279618415557878
9.801648272441234,19.260104269385057,1,5.55277702428045
13.693273992095332,28.008119874046713,0,6.131956319057234
7.859830467347695,15.350050598651757,1,6.4511951386876625
6.948949658150522,14.27499971020323,0,3.796153370451761
8.616183860237511,17.203104906790042,0,4.476151736085575
9.908827967289005,20.943706185350177,0,3.959265501791123
10.486678898645383,20.92196407370228,0,5.061836287187025
9.51752788428734,17.262023300367797,0,2.581698895700815
10.704110793028594,22.67014308677118,0,5.530532060399687
7.496921151619111,14.088110002375604,0,5.177318283623123
12.88752920814652,25.12129207764422,0,4.969632472031154
9.835697643214862,19.075733992386233,1,6.331921148289676
12.234591663176255,25.843621419523327,1,8.446402610298255
10.685450692755408,19.23522717153212,1,8.595567980805187
10.913506438307568,24.96476141027513,1,7.008528602853635
11.139534560464407,23.335125929994867,0,4.8775169509663066
10.89541712003463,22.014073154198417,1,5.478785417601232
11.285445519735088,22.51599703885389,0,5.74616088917565
12.658305060264862,25.60216419538738,1,10.371228570276175
10.39304233940294,21.30720710718522,1,7.473879631666146
11.418007515177024,23.481230616304106,1,7.686724778404798
9.820528611425546,20.19666168885454,0,5.2323466164797585
12.880234430898945,25.85004954305314,0,6.42902521150087
8.64721539588146,17.097092371455595,1,5.5105933256806
13.60188086582163,27.05248844798975,0,7.624220348588521
9.919684098711313,19.644459917069945,0,5.185603572467411
7.138449795763904,15.410669688394872,0,3.5868381498156094
10.256208829821578,21.105974381924018,1,6.152738387632539
8.637896685050238,14.335404735436196,0,5.6224562744598785
11.68128709797745,24.01847497248466,1,8.505346294321834
8.694752041395217,17.58424027750921,0,3.7944551833303066
9.10763313357044,18.196557510694984,0,5.555641420467158
6.220918538108938,12.053318623128991,0,2.612888430669262
9.095387361501846,19.314887442989704,0,3.765690188239886
5.152241346742087,11.25200915560703,0,1.8164175558907563
6.832194353028553,12.891511038233498,1,3.6450286234261853
11.520829312288594,23.448710911701724,0,6.231957036562503
11.571600317301664,22.17154390006204,0,3.954655280312482
10.85091512356993,20.32221208235093,1,6.197013730519203
8.066047713741574,15.505378202893182,0,1.9574358477922535
9.904577287716041,20.67154804781484,0,4.866218951067127
9.992794921818863,20.938714889013813,1,6.8460770006375595
7.683270621614915,15.879626663327123,0,3.5149390976210935
13.006796603534301,26.7386889939166,1,7.460820607096574
11.754724581151343,24.025627449417644,1,6.705128537139032
9.558071652340672,18.474661709458392,0,5.24340568971691
10.053771677989062,20.539465900652065,1,6.476333907286043
10.416765615895105,21.633940757017893,0,5.524741129483697
5.916530263151419,12.587351856116411,0,2.0730164454514868
9.505645234958806,20.200203841392256,1,6.9338853602504855
8.636031504004404,17.98036685520987,1,7.6212937893182655
7.996759980210169,16.34496816796192,0,4.5845457904978675
9.43779941422809,19.945749066772606,0,4.306485888897565
13.595373053699046,27.164224848149033,0,7.05488549720545
11.28168572253402,21.68149679384032,1,7.4001776867367965
8.857642020434406,17.55221707692505,0,4.436701194911931
11.145165562712318,21.545428480618188,1,7.246971729207655
